<?xml version="1.0" encoding="utf-8"?>
<warehouse>
	<article name="brie" quantity="281.0" measure="g"></article>
	<article name="tonno" quantity="70.0" measure="g"></article>
	<article name="patate" quantity="70.0" measure="g"></article>
	<article name="riso" quantity="308.0" measure="g"></article>
	<article name="acqua frizzante" quantity="1.2" measure="l"></article>
	<article name="prosciutto crudo" quantity="281.0" measure="g"></article>
	<article name="hummus" quantity="3.0" measure="g"></article>
	<article name="grissini" quantity="7.5" measure="g"></article>
	<article name="coppa" quantity="281.0" measure="g"></article>
	<article name="macinato di bovino" quantity="440.0" measure="g"></article>
	<article name="noci" quantity="44.0" measure="g"></article>
	<article name="patatine" quantity="2.4" measure="g"></article>
	<article name="formaggio grana" quantity="281.0" measure="g"></article>
	<article name="gorgonzola" quantity="281.0" measure="g"></article>
	<article name="barbera" quantity="0.6" measure="l"></article>
	<article name="sprite" quantity="1.2" measure="l"></article>
	<article name="speck" quantity="281.0" measure="g"></article>
	<article name="chardonnay" quantity="0.6" measure="l"></article>
	<article name="panini di grano duro" quantity="6.0" measure="g"></article>
	<article name="gazzosa" quantity="1.2" measure="l"></article>
	<article name="bellavista" quantity="0.6" measure="l"></article>
	<article name="patatine fritte" quantity="6.0" measure="g"></article>
	<article name="acqua naturale" quantity="0.2" measure="l"></article>
	<article name="erbe" quantity="110.0" measure="g"></article>
</warehouse>